model,horizon,target,rmse_z,mae_z,bias_z,acc,skill_vs_climatology,skill_vs_persistence,rmse_physical,mae_physical,bias_physical,r2_physical,crps_z,nll_z,coverage_90,interval_width_90_z
Seasonal climatology,6 h,temperature_c,1.0802620977683508,0.862082839012146,-0.41483834385871887,,-7.355081901971872e-06,0.6556166285586794,2.3348514749802147,1.7358359098434448,-0.7947818636894226,0.9116529932836217,,,,
Seasonal climatology,6 h,pressure_hpa,1.0339718358540901,0.8109938502311707,-0.09447363764047623,,-1.7395016060239854e-05,-0.26042763857144613,6.833876921579498,4.575424671173096,-0.2673525810241699,0.29475670330498327,,,,
Seasonal climatology,6 h,wind_speed_ms,1.0431840081549852,0.8268744349479675,-0.0077603161334991455,,-1.1502243375538512e-05,-0.1888096060539861,1.9525774378934269,1.4232256412506104,-0.016825301572680473,0.4592708383562,,,,
Seasonal climatology,6 h,precipitation_mm,1.320909985665686,0.9458707571029663,0.014628132805228233,,-7.993794629124196e-06,-1.4261931597838742,1.435188259043985,0.6677147746086121,-0.23202671110630035,0.05267343191538709,,,,
Seasonal climatology,24 h,temperature_c,1.1480562784044122,0.919228196144104,-0.4921039342880249,,-5.245827622513133e-06,-1.0904541007085427,2.33410153912905,1.7854869365692139,-0.8750696182250977,0.9255961646844133,,,,
Seasonal climatology,24 h,pressure_hpa,1.0308132980936622,0.8089594841003418,-0.07152488827705383,,-1.7501782152651302e-05,-0.4798010050024337,6.837424503446603,4.579355716705322,-0.25365179777145386,0.30111914870563683,,,,
Seasonal climatology,24 h,wind_speed_ms,0.9886893835668951,0.7829903960227966,-0.02642517164349556,,-2.189093533555564e-05,0.2191685225877692,1.92130550227413,1.385114073753357,-0.03875291720032692,0.4762244600952118,,,,
Seasonal climatology,24 h,precipitation_mm,1.3330695169441147,0.9750283360481262,0.0134896757081151,,-5.366570291931438e-06,0.2605555206128263,1.4630000604458717,0.7023754119873047,-0.25706326961517334,0.08806258990635263,,,,
Seasonal climatology,72 h,temperature_c,1.1479780354973852,0.9191441535949707,-0.4919704496860504,,-4.97516848185775e-06,0.05063554422325156,2.333786193861217,1.7852510213851929,-0.8745903372764587,0.925624001852807,,,,
Seasonal climatology,72 h,pressure_hpa,1.0308019069135892,0.8089608550071716,-0.0715978741645813,,-1.7614364345774902e-05,0.3778926496743953,6.837039810678503,4.579197406768799,-0.2538144886493683,0.3011032506300305,,,,
Seasonal climatology,72 h,wind_speed_ms,0.988633134641327,0.782948911190033,-0.026337359100580215,,-2.2015398093877536e-05,0.4531079179341789,1.9212342721646518,1.3850390911102295,-0.038574256002902985,0.4761959250125438,,,,
Seasonal climatology,72 h,precipitation_mm,1.3331201303413682,0.9750000834465027,0.013401047326624393,,-5.567395027217259e-06,0.4452423456544161,1.4629923195627548,0.7023636102676392,-0.257086843252182,0.08806075325774798,,,,
Seasonal climatology,168 h,temperature_c,1.1478863386150606,0.919054388999939,-0.4918728470802307,,-5.156908438719299e-06,0.23254317590406348,2.3338546397651294,1.785139799118042,-0.8743245005607605,0.9256157720795465,,,,
Seasonal climatology,168 h,pressure_hpa,1.030876207521429,0.8090243935585022,-0.07202441990375519,,-1.8509259734011962e-05,0.4614884811639832,6.8352388035790765,4.5788445472717285,-0.2557227313518524,0.30102866242837933,,,,
Seasonal climatology,168 h,wind_speed_ms,0.9885088692394074,0.7828264832496643,-0.02626790665090084,,-2.0983915036021372e-05,0.4726387989876273,1.920850092827866,1.3847001791000366,-0.03829608112573624,0.47624345827932946,,,,
Seasonal climatology,168 h,precipitation_mm,1.332886765122687,0.9748932123184204,0.013785329647362232,,-5.3680420193380485e-06,0.4723276659395742,1.4626732780639793,0.702186644077301,-0.25679507851600647,0.0881219212736245,,,,
Persistence,6 h,temperature_c,1.8408212191227873,1.2570385932922363,-0.28224799036979675,0.45077329309013175,-1.9038096259634392,-1.639381056950384e-05,3.3609110314653945,2.2702748775482178,-0.4110938608646393,0.816942573151265,,,,
Persistence,6 h,pressure_hpa,0.9209908917356701,0.5861039757728577,-0.2610662579536438,0.7284337305883354,0.20658427004379754,-2.5719450685857126e-05,2.482787578786585,1.946959137916565,-0.03034166991710663,0.9069141242145043,,,,
Persistence,6 h,wind_speed_ms,0.9567748991510052,0.6354658007621765,-0.13814608752727509,0.6213806034181696,0.15879334456098348,-2.3050153944437213e-05,1.1710953725812485,0.8553188443183899,-0.07321194559335709,0.8054873779489905,,,,
Persistence,6 h,precipitation_mm,0.8480493012213034,0.4976096749305725,0.051294513046741486,0.8005262982385007,0.5878083153638068,-4.865160058376006e-05,1.0209315246276391,0.44008582830429077,0.05462941899895668,0.520625199774772,,,,
Persistence,24 h,temperature_c,0.7940475566948688,0.5750300288200378,0.00015541483298875391,0.7071781212554732,0.5216244772487552,-1.682729803698102e-05,1.73335854927697,1.170097827911377,0.00044543217518366873,0.9589670589287048,,,,
Persistence,24 h,pressure_hpa,0.8473851346069532,0.6366294026374817,-4.806915967492387e-06,0.6604609696596778,0.32421389511361465,-1.1455194914189448e-05,5.3619038924099,3.5480661392211914,1.135289221565472e-05,0.57021020036326,,,,
Persistence,24 h,wind_speed_ms,1.1188817548687502,0.8519701361656189,-3.999897307949141e-05,0.3590089673056946,-0.2807316718906121,-1.3712295472645408e-05,2.2714696803318755,1.5649904012680054,-0.00010038373147835955,0.26790700959790137,,,,
Persistence,24 h,precipitation_mm,1.5502802810750502,0.9433388710021973,-2.2644368073088117e-05,0.32373872121558334,-0.3524374291445016,-4.7023874834684065e-05,1.8383708654787634,0.8341920971870422,2.48075866693398e-06,-0.4399340489509076,,,,
Persistence,72 h,temperature_c,1.1782042924419767,0.8906755447387695,0.00026825457462109625,0.35914151569279507,-0.05335850105229345,-1.614484051692955e-05,2.5725766676737876,1.8151824474334717,0.0008616708219051361,0.9096252045521294,,,,
Persistence,72 h,pressure_hpa,1.3069069538196196,1.012181043624878,-8.198150317184627e-05,0.19303033629632332,-0.607483636592103,-9.77131561907818e-06,8.219871763542423,5.6241774559021,-0.00015826821618247777,-0.010198891502205099,,,,
Persistence,72 h,wind_speed_ms,1.3368614972232065,1.0378574132919312,5.728801625082269e-05,0.08462913841066341,-0.8285720105376306,-9.538442123036006e-06,2.6622499805242312,1.8746538162231445,8.851241000229493e-05,-0.005786697369538407,,,,
Persistence,72 h,precipitation_mm,1.7898861517477198,1.1514253616333008,-0.00011272436677245423,0.0989610731589527,-0.8026634820272751,-3.579726956881579e-05,1.9705126909506963,0.9628145694732666,-2.1805648430017754e-05,-0.6543991063928647,,,,
Persistence,168 h,temperature_c,1.310310626730295,1.0060975551605225,0.0003353312786202878,0.23088849403681036,-0.30302573007800326,-1.083155665715374e-05,2.853354698202178,2.049766778945923,0.0010259171249344945,0.888815364490811,,,,
Persistence,168 h,pressure_hpa,1.40478821118672,1.096817135810852,-0.0005170298973098397,0.07280016650327618,-0.8570205678259484,-8.457073405576665e-06,9.213413361985264,6.196937084197998,-0.002073199488222599,-0.2699689285095477,,,,
Persistence,168 h,wind_speed_ms,1.3612231264710692,1.0597987174987793,0.00014415444456972182,0.05153312374429641,-0.8962981018889855,-1.3060300565692629e-05,2.702081203141227,1.9060015678405762,0.0003840569988824427,-0.03642840530252678,,,,
Persistence,168 h,precipitation_mm,1.8349267652901768,1.1941378116607666,0.00026618174160830677,0.05513210435964563,-0.8951923345970376,-3.51944593015574e-05,1.9865752509972423,0.9845863580703735,0.00026734586572274566,-0.6821013617784599,,,,
Ridge-AR,6 h,temperature_c,0.4839968127853104,0.36451563239097595,0.030126381665468216,0.8753020518265998,0.7992618485772514,0.9308696270956901,0.9769895611618228,0.7099550366401672,0.005053400062024593,0.9845313231125499,,,,
Ridge-AR,6 h,pressure_hpa,0.2964831074522965,0.2129882574081421,-0.037401653826236725,0.9583400408847366,0.9177776199960616,0.8963664424413099,1.4403737409685984,0.9919106960296631,-0.061588089913129807,0.9686703854540779,,,,
Ridge-AR,6 h,wind_speed_ms,0.9963728868899744,0.7929304838180542,-0.013049324974417686,0.2963775761029891,0.08772251637536044,-0.08451176160150387,1.856994708146632,1.3600090742111206,-0.02394239790737629,0.5109147215816435,,,,
Ridge-AR,6 h,precipitation_mm,0.7326250531987859,0.4794307351112366,0.030530095100402832,0.8324601923856177,0.6923757578134389,0.2536501339908178,0.8819836464293526,0.3771563172340393,-0.04654473811388016,0.642230728279445,,,,
Ridge-AR,24 h,temperature_c,0.6824335989247979,0.5143957734107971,-0.08584065735340118,0.7576181575396438,0.6466568114448764,0.2613561573257831,1.4532849623711959,1.0307923555374146,-0.1573457568883896,0.9711558734433693,,,,
Ridge-AR,24 h,pressure_hpa,0.7037604321711073,0.5332512855529785,-0.04712522402405739,0.7305820928134485,0.533880505236062,0.31024797508677726,4.489199073910101,2.9479241371154785,-0.13914723694324493,0.6987300727375375,,,,
Ridge-AR,24 h,wind_speed_ms,0.967257580660143,0.7707573771476746,-0.02630718983709812,0.20736288902863897,0.04286312214007737,0.25265375768317055,1.8848730185158242,1.3617886304855347,-0.04072875529527664,0.49590016472141674,,,,
Ridge-AR,24 h,precipitation_mm,1.2354745434246133,0.8809622526168823,0.044146642088890076,0.37692255446801287,0.14105701310113972,0.3648627587379586,1.4021846500348212,0.6546465158462524,-0.20565587282180786,0.16230338437452607,,,,
Ridge-AR,72 h,temperature_c,0.9540738869970556,0.7477315068244934,-0.2226618081331253,0.44784824218413294,0.3092847860614233,0.34426278922558606,2.028463712131204,1.4929025173187256,-0.39239516854286194,0.9438117947464002,,,,
Ridge-AR,72 h,pressure_hpa,0.999286188231451,0.7819333672523499,-0.07064390927553177,0.2459538699083513,0.06019664137827352,0.4153517209485351,6.553262075901529,4.417010307312012,-0.26477494835853577,0.3579159584419981,,,,
Ridge-AR,72 h,wind_speed_ms,0.9843761807389217,0.7808374166488647,-0.007958710193634033,0.09009340429136849,0.008571429965359645,0.4578075016979094,1.921334601620042,1.3848658800125122,-0.009508579038083553,0.4761412160678513,,,,
Ridge-AR,72 h,precipitation_mm,1.318725761082341,0.9634798169136047,0.0358179472386837,0.1489282270113351,0.021472973080840063,0.45715766405029057,1.4502964177192426,0.695911169052124,-0.23752015829086304,0.10381976213886279,,,,
Ridge-AR,168 h,temperature_c,1.029144102047391,0.8155641555786133,-0.30747348070144653,0.3239502917370105,0.19618363443345566,0.3831088261772617,2.1648204591586446,1.6169028282165527,-0.5437861680984497,0.9360004352510077,,,,
Ridge-AR,168 h,pressure_hpa,1.0243911376948118,0.8033833503723145,-0.07702307403087616,0.1157244653307006,0.012523813845307652,0.46824254161635215,6.80102833096897,4.556202411651611,-0.2988155782222748,0.3080078771056465,,,,
Ridge-AR,168 h,wind_speed_ms,0.9851213683472969,0.7813677787780762,-0.0010419500758871436,0.07971024211690288,0.006821175381060862,0.4762470126170867,1.921679354998256,1.3855384588241577,0.0007113592582754791,0.4757911322574889,,,,
Ridge-AR,168 h,precipitation_mm,1.326099781442021,0.9700053930282593,0.029868537560105324,0.10302744471824968,0.010152644971859082,0.477687739602923,1.45451108393375,0.6992359161376953,-0.24309557676315308,0.09827067976327253,,,,
Analog memory,6 h,temperature_c,0.5564627379892088,0.4342810809612274,-0.2168753445148468,0.8734924293362948,0.7346512209946727,0.9086189649933042,1.1483750099256038,0.8550107479095459,-0.42158809304237366,0.9786282154530422,,,,
Analog memory,6 h,pressure_hpa,0.41698941803845585,0.3086399435997009,-0.0666973739862442,0.9329045145825233,0.8373551920666238,0.7950015547618755,2.3561997425982932,1.568602204322815,-0.16944731771945953,0.9161643241923608,,,,
Analog memory,6 h,wind_speed_ms,0.825995063349032,0.6449747085571289,-0.0020139615517109632,0.6482160008341208,0.37304256465411,0.2546755511770392,1.4967136941217685,1.0856432914733887,-0.0006127905216999352,0.6822828026807889,,,,
Analog memory,6 h,precipitation_mm,0.6997497077060865,0.46569642424583435,0.028216341510415077,0.8527005281888773,0.7193645848798536,0.3191297181795947,0.8693144892264517,0.37285691499710083,-0.08128800988197327,0.6524351825098456,,,,
Analog memory,24 h,temperature_c,0.7894248130587674,0.6188113689422607,-0.31603437662124634,0.7310292592935734,0.5271782259081297,0.011592968458269737,1.6157889838163175,1.205895185470581,-0.5512493252754211,0.9643446159594499,,,,
Analog memory,24 h,pressure_hpa,0.7239147054210133,0.5561110973358154,-0.07428369671106339,0.7269290344348376,0.5068007886572297,0.27017608460773757,4.596678338943131,3.071507215499878,-0.3056710362434387,0.6841315263477544,,,,
Analog memory,24 h,wind_speed_ms,0.9111699692651338,0.719968855381012,0.006918933242559433,0.3960525965611188,0.15064634358573037,0.3368124474123946,1.801964426987203,1.2885462045669556,-0.00011831409210572019,0.5392718090113833,,,,
Analog memory,24 h,precipitation_mm,1.1590728324867732,0.8327497839927673,0.11327861994504929,0.5025119422630275,0.2440062788872417,0.44098761645105455,1.3351885832414454,0.632358729839325,-0.14544592797756195,0.24044091228289022,,,,
Analog memory,72 h,temperature_c,1.0155070309717225,0.8067454695701599,-0.3837796449661255,0.43285353858641507,0.21747022271206018,0.2570977399198443,2.1201739767051673,1.5900224447250366,-0.6888985633850098,0.9386162136349889,,,,
Analog memory,72 h,pressure_hpa,0.9951643853042954,0.7799026966094971,-0.11675440520048141,0.27858195886237436,0.06793355457872496,0.4201648267395681,6.444806147250262,4.372462272644043,-0.48664170503616333,0.3789929641222822,,,,
Analog memory,72 h,wind_speed_ms,0.9757535712147208,0.7732133269309998,0.018718039616942406,0.16131974923664272,0.025864128768978256,0.4672645335508365,1.9106823405407996,1.3769148588180542,0.017047222703695297,0.4819338681524583,,,,
Analog memory,72 h,precipitation_mm,1.3166660312860299,0.9964203834533691,0.17239642143249512,0.20563345935935057,0.02452732648525857,0.45885208054698223,1.4234149684023027,0.7130466103553772,-0.14939133822917938,0.13673353313395264,,,,
Analog memory,168 h,temperature_c,1.0776428028897689,0.8585859537124634,-0.42701423168182373,0.30623700424975075,0.11863838799022974,0.32359650451780064,2.2421751653351927,1.6907269954681396,-0.7702496647834778,0.9313449751039549,,,,
Analog memory,168 h,pressure_hpa,1.0276537525389677,0.8071162104606628,-0.11226005107164383,0.11593977314699844,0.006223710541202854,0.4648499262120346,6.809803840399998,4.574548721313477,-0.49069270491600037,0.3062209411025072,,,,
Analog memory,168 h,wind_speed_ms,0.9833077594427257,0.7797663807868958,0.019432511180639267,0.11377184469131013,0.010474694587961575,0.4781736964645895,1.9198950516310374,1.3849539756774902,0.021161086857318878,0.47676414932654354,,,,
Analog memory,168 h,precipitation_mm,1.3421443839025706,1.025294542312622,0.18398016691207886,0.1108819908609196,-0.013944764055429548,0.46497227179385026,1.4342291564597116,0.7251201272010803,-0.15182384848594666,0.12324305417379622,,,,
Neural backbone,6 h,temperature_c,0.35947953652593434,0.2678147554397583,0.008242232725024223,0.9335343665917665,0.8892628701164044,0.9618642543584845,0.7228860438197682,0.5206027030944824,-0.000597145757637918,0.9915313730636157,0.19045518338680267,0.2828353941440582,0.9072889701030404,1.1349806785583496
Neural backbone,6 h,pressure_hpa,0.2651039229706029,0.1865173876285553,-0.03191335126757622,0.9679132857804588,0.9342610981875062,0.9171423125370024,1.2566961701283241,0.8499380350112915,-0.0370807908475399,0.976151270690349,0.13304151594638824,-0.1337890923023224,0.8930891832901883,0.7384727597236633
Neural backbone,6 h,wind_speed_ms,0.7349795430119723,0.5655660033226013,-0.009907984174787998,0.720913817671692,0.5035978469553124,0.40987913970835044,1.2804001106079825,0.9293761849403381,-0.028698349371552467,0.7674830249369309,0.398618221282959,1.0323885679244995,0.8970103040454799,2.2788984775543213
Neural backbone,6 h,precipitation_mm,0.6701320174023601,0.41634249687194824,-0.035419344902038574,0.867188589452246,0.7426182430828225,0.37554713366235737,0.8437514481708673,0.34371525049209595,-0.11520086973905563,0.6725756046425053,0.2982814311981201,0.5789974927902222,0.9002715598192985,1.6279150247573853
Neural backbone,24 h,temperature_c,0.639840273445941,0.4797082543373108,-0.0714372843503952,0.7907944578652275,0.6893874012947787,0.35068202551509964,1.3666474501879273,0.9606357216835022,-0.10075723379850388,0.97449244547566,0.3422107398509979,0.8802453875541687,0.8980254809400539,1.99112868309021
Neural backbone,24 h,pressure_hpa,0.6657218620851785,0.503400444984436,-0.04583657905459404,0.7641232934547988,0.5829066993456353,0.382795716686799,4.206648586937632,2.763936758041382,-0.1683802455663681,0.7354605047431946,0.3587278723716736,0.940214216709137,0.8987487944774377,2.0740349292755127
Neural backbone,24 h,wind_speed_ms,0.913742237553847,0.7209509015083313,-0.01649041660130024,0.3904931425030924,0.14584405775743403,0.33306275355843595,1.7946735994895657,1.2822774648666382,-0.037462275475263596,0.5429925198100745,0.5066257119178772,1.2870359420776367,0.8993198314806355,2.899644613265991
Neural backbone,24 h,precipitation_mm,1.161040049730388,0.7767627239227295,-0.055951859802007675,0.4964830630500448,0.241437905427615,0.4390884570673015,1.3661225885451453,0.6043094992637634,-0.24295805394649506,0.20483786966043493,0.5564917922019958,1.3524895906448364,0.8995355565707325,2.8984057903289795
Neural backbone,72 h,temperature_c,0.9285144618135002,0.7228147983551025,-0.20510928332805634,0.4890907118958613,0.345797276176668,0.3789262770762072,1.9888809588728267,1.4514033794403076,-0.36574459075927734,0.9459832744155828,0.5102047324180603,1.2924036979675293,0.8925942845540835,2.9093823432922363
Neural backbone,72 h,pressure_hpa,0.9907155269330565,0.7750273942947388,-0.09939340502023697,0.2867022567483274,0.07624848819388819,0.4253375169453807,6.4211137232207,4.348902225494385,-0.3946416676044464,0.383550468999579,0.5485305190086365,1.377646803855896,0.8999035581950154,3.1755216121673584
Neural backbone,72 h,wind_speed_ms,0.9761925568818748,0.7729703783988953,-0.009567173197865486,0.1577976747664419,0.024987415852086747,0.466785076753776,1.9120766439159447,1.375772476196289,-0.022476691752672195,0.4811774840043158,0.5433467626571655,1.365767478942871,0.8994467285924572,3.0875601768493652
Neural backbone,72 h,precipitation_mm,1.3023514535146339,0.9323050379753113,-0.004961362108588219,0.21633461896774195,0.045622387474729575,0.4705546619468848,1.4456493912950954,0.6809384226799011,-0.25177428126335144,0.10955362612931319,0.6614093780517578,1.580753207206726,0.899649763971372,3.547456741333008
Neural backbone,168 h,temperature_c,1.0178595389909195,0.8030924797058105,-0.31083372235298157,0.3588113829836075,0.2137146803793386,0.39656307763962606,2.159694298021593,1.6032634973526,-0.567634642124176,0.9363031704298124,0.5661170482635498,1.4061816930770874,0.8850819755342368,3.1746346950531006
Neural backbone,168 h,pressure_hpa,1.0238271655762625,0.8028959631919861,-0.08759906888008118,0.12773099941556146,0.013610812189682409,0.468827891911353,6.784917305630061,4.547537326812744,-0.3201591670513153,0.3112825282162508,0.5683338046073914,1.4149880409240723,0.9015659103598802,3.3168017864227295
Neural backbone,168 h,wind_speed_ms,0.9804298423555099,0.7765223979949951,-0.004953783005475998,0.12505417346452938,0.016258447169547385,0.4812237591701163,1.9184869194469665,1.3811005353927612,-0.014349686913192272,0.47753139443803816,0.5459259748458862,1.3716988563537598,0.8980127912288717,3.089538335800171
Neural backbone,168 h,precipitation_mm,1.3199782540957656,0.9565238356590271,0.009340529330074787,0.1426680183149699,0.01927019724132295,0.48249879386392747,1.4529440982563924,0.69197678565979,-0.2510093152523041,0.10021254987290296,0.6773659586906433,1.6156566143035889,0.8983934825643368,3.6266520023345947
PMWM (reservoir),6 h,temperature_c,0.35556588574931647,0.2645995020866394,0.0026831612922251225,0.9346492128048023,0.8916609332781702,0.9626901013608903,0.7115731384527473,0.5130565166473389,-0.010733083821833134,0.9917943609048586,0.18842698633670807,0.2754497528076172,0.9071366935688544,1.1033387184143066
PMWM (reservoir),6 h,pressure_hpa,0.25140960975616383,0.178434357047081,-0.024375103414058685,0.9701190105897866,0.9408773510869544,0.9254814754953717,1.2225885829542849,0.8250081539154053,-0.034005697816610336,0.977428244730729,0.12832467257976532,-0.13211514055728912,0.8926704228211766,0.7041150331497192
PMWM (reservoir),6 h,wind_speed_ms,0.721938028928008,0.5526832342147827,-0.02438303828239441,0.7281081173183023,0.5210579237640073,0.43063560799501754,1.2602038190629123,0.9105194807052612,-0.07213065773248672,0.7747603513546066,0.39080503582954407,1.0161828994750977,0.897086442312573,2.2126941680908203
PMWM (reservoir),6 h,precipitation_mm,0.6589662559564472,0.4107770621776581,-0.0051145413890480995,0.8677609032595781,0.7511237942949313,0.39618307887385884,0.8068535179747506,0.3377726376056671,-0.07404351979494095,0.7005865085757176,0.3007093369960785,0.6535872220993042,0.8993705903253641,1.6054555177688599
PMWM (reservoir),24 h,temperature_c,0.6398695934698433,0.4801778793334961,-0.07814430445432663,0.7912620675882318,0.6893589336353965,0.35062251549198575,1.3648968935720758,0.960740327835083,-0.11114268749952316,0.9745577495456847,0.34257352352142334,0.8826295137405396,0.8964646464646465,1.9714937210083008
PMWM (reservoir),24 h,pressure_hpa,0.6647345340015628,0.5022377371788025,-0.03897542878985405,0.7643016770619906,0.5841429590442591,0.38462510301374553,4.202521185064161,2.7579474449157715,-0.13343212008476257,0.7359793620424677,0.35811322927474976,0.9388050436973572,0.899573625704279,2.069096088409424
PMWM (reservoir),24 h,wind_speed_ms,0.9090380368788333,0.7157583236694336,-0.033937178552150726,0.4005332416692406,0.1546162860509862,0.3399122355955193,1.7910874413721378,1.275942325592041,-0.08093979954719543,0.5448171007704545,0.5036633610725403,1.28290855884552,0.8983681031419725,2.872925281524658
PMWM (reservoir),24 h,precipitation_mm,1.1582386339479251,0.7707253694534302,-0.06461190432310104,0.4999840784473827,0.24509408268543176,0.4417919826475949,1.3636026085663853,0.6016448736190796,-0.24601438641548157,0.20776871136521946,0.5561294555664062,1.3778657913208008,0.8975559616263133,2.8692238330841064
PMWM (reservoir),72 h,temperature_c,0.9268005168309127,0.7214515209197998,-0.19927768409252167,0.4897426704013429,0.34821023289035036,0.3812170410165685,1.986983979612215,1.4494988918304443,-0.3565565347671509,0.9460862667448324,0.5091267824172974,1.2895574569702148,0.8924546977310797,2.8928041458129883
PMWM (reservoir),72 h,pressure_hpa,0.9905950427414416,0.7748569846153259,-0.09707382321357727,0.286148441291236,0.07647315548435019,0.4254772816562883,6.420244515774612,4.34708309173584,-0.37410569190979004,0.38371735165552046,0.548449695110321,1.3775548934936523,0.899865489061469,3.173410415649414
PMWM (reservoir),72 h,wind_speed_ms,0.9750644638074024,0.7715299129486084,-0.012249000370502472,0.16420958045318237,0.02723957278174738,0.46801673643069897,1.9130662466285002,1.3751128911972046,-0.03503222018480301,0.4806403078046353,0.5424853563308716,1.3642407655715942,0.8991929343688138,3.083960771560669
PMWM (reservoir),72 h,precipitation_mm,1.3019458952530476,0.9330522418022156,-0.0016964607639238238,0.21709641181850875,0.04621669012462848,0.47088435405538787,1.4447799113738986,0.6813437342643738,-0.2498164027929306,0.11062441469027229,0.6617862582206726,1.5859336853027344,0.8993959697477285,3.5313825607299805
PMWM (reservoir),168 h,temperature_c,1.0174631357661699,0.8029229640960693,-0.309662789106369,0.35938809701474767,0.21432699540238997,0.39703300055921387,2.1589366374044867,1.602897047996521,-0.5656784176826477,0.9363478546371032,0.5659728050231934,1.4059932231903076,0.8848408710217756,3.169877052307129
PMWM (reservoir),168 h,pressure_hpa,1.023748452507964,0.8027786612510681,-0.08687110990285873,0.12780917678512801,0.01376247594216895,0.4689095630773841,6.784834094791681,4.546902656555176,-0.3115461468696594,0.3112994210991651,0.5682526230812073,1.414847731590271,0.9016547383381555,3.317636489868164
PMWM (reservoir),168 h,wind_speed_ms,0.9805012123843512,0.7766501307487488,-0.002514872932806611,0.1242885732240562,0.016115219749475274,0.4811482281707853,1.918497482731619,1.381156086921692,-0.014532123692333698,0.47752564094580374,0.5459838509559631,1.3716851472854614,0.8979239632505964,3.0904994010925293
PMWM (reservoir),168 h,precipitation_mm,1.3194423268395994,0.957645833492279,0.01224853191524744,0.14458423426257874,0.020066412073853845,0.48291893214770254,1.4532058037062112,0.6918866038322449,-0.2504954934120178,0.09988837981430643,0.6777029633522034,1.620705485343933,0.8980762397847825,3.607804536819458
PMWM (no event slots),6 h,temperature_c,0.3477447054341312,0.2594902813434601,-0.011496497318148613,0.9373667293610083,0.8963746596997697,0.9643134184183828,0.6979648492796767,0.5042733550071716,-0.04700532928109169,0.9921052128828807,0.184601292014122,0.2515760660171509,0.9081011116186996,1.0994977951049805
PMWM (no event slots),6 h,pressure_hpa,0.24276449320513918,0.17278432846069336,-0.009080146439373493,0.971994017825256,0.9448734936306364,0.9305182363905632,1.195212565713727,0.8038817644119263,0.04787551239132881,0.9784277739777281,0.12302817404270172,-0.20190824568271637,0.8956651946601696,0.6890392899513245
PMWM (no event slots),6 h,wind_speed_ms,0.6983146363132391,0.5319197177886963,-0.018253803253173828,0.7467644758493357,0.5518891667928262,0.46728766429339075,1.221932193754143,0.8770141005516052,-0.025824036449193954,0.7882333957301582,0.3757232129573822,0.9695464968681335,0.8956651946601696,2.1252758502960205
PMWM (no event slots),6 h,precipitation_mm,0.667255109626641,0.40913161635398865,-0.045907601714134216,0.8702388595355552,0.7448234030704233,0.3808972349728923,0.8547934736703332,0.34178441762924194,-0.12465956062078476,0.6639496383905295,0.29483336210250854,0.5590317249298096,0.8987995533221664,1.546722173690796
PMWM (no event slots),24 h,temperature_c,0.6325814567102221,0.47499173879623413,-0.12045562267303467,0.8014239380810584,0.6963950582133109,0.36533113381010673,1.3513311287294711,0.9506679773330688,-0.2065722942352295,0.9750609793359897,0.3386688232421875,0.8691930770874023,0.8926704228211766,1.9089521169662476
PMWM (no event slots),24 h,pressure_hpa,0.6556480235301929,0.4938192069530487,0.016282420605421066,0.771075158365853,0.595434273066844,0.40133370842179295,4.165114049918456,2.7177977561950684,0.16513985395431519,0.740658601192428,0.3528331518173218,0.9271206855773926,0.8970991320237551,2.021378993988037
PMWM (no event slots),24 h,wind_speed_ms,0.8910561572015904,0.6966299414634705,-0.030114764347672462,0.43477495231215096,0.18773092955009185,0.365768625582344,1.76630152341687,1.2501364946365356,-0.06428273767232895,0.5573280056313534,0.49191561341285706,1.2608946561813354,0.8978732044058677,2.792038917541504
PMWM (no event slots),24 h,precipitation_mm,1.157371595605725,0.7589154243469238,-0.0947946161031723,0.5070385997099293,0.2462238798961569,0.44262740047456417,1.367034336775071,0.5956640839576721,-0.2629135549068451,0.20377613537863803,0.5502387881278992,1.344741940498352,0.8978478249835034,2.8513855934143066
PMWM (no event slots),72 h,temperature_c,0.9246674610066686,0.7194696068763733,-0.22248084843158722,0.5021008132030071,0.35120700301097196,0.38406205389680204,1.9834505465943744,1.4450856447219849,-0.40739887952804565,0.9462778447188487,0.5083808898925781,1.2908378839492798,0.8884193695751484,2.840287685394287
PMWM (no event slots),72 h,pressure_hpa,0.979550725950465,0.7632580399513245,-0.028569091111421585,0.3055535165020813,0.09695148084073246,0.4382167739847934,6.362190991525363,4.281432628631592,0.028849437832832336,0.39481213952120076,0.5414175391197205,1.3674445152282715,0.9004365260646667,3.131448745727539
PMWM (no event slots),72 h,wind_speed_ms,0.9698889098017436,0.7647501230239868,-0.021322956308722496,0.19359437690277256,0.037538815098343004,0.47364918650429166,1.908797203834289,1.3685768842697144,-0.047007713466882706,0.4829556431244525,0.538396954536438,1.3575668334960938,0.8985076899649764,3.046769618988037
PMWM (no event slots),72 h,precipitation_mm,1.3001179880005018,0.9098124504089355,-0.05406235158443451,0.22712058714771713,0.048892997283580764,0.4723690476713206,1.4486276084145013,0.6715871095657349,-0.2729777693748474,0.10588098694584713,0.6536105275154114,1.5744916200637817,0.8989391401451703,3.5547988414764404
PMWM (no event slots),168 h,temperature_c,1.0114910797464989,0.7970480918884277,-0.3059210777282715,0.3704300124063314,0.22352302975789495,0.4040905234849672,2.153358953912076,1.5947986841201782,-0.5651789903640747,0.9366763245852483,0.5621448755264282,1.3993887901306152,0.884358661996853,3.125560998916626
PMWM (no event slots),168 h,pressure_hpa,1.0192502975669278,0.7975496053695679,-0.0427706353366375,0.13941586210764453,0.022410114267195413,0.47356632973283497,6.777806968139715,4.525524616241455,-0.07636859267950058,0.3127252717300115,0.5651262402534485,1.410373568534851,0.9011725293132329,3.286754608154297
PMWM (no event slots),168 h,wind_speed_ms,0.9774074713580454,0.7722287774085999,-0.015107555314898491,0.14806754971199393,0.02231425864956671,0.4844172921724986,1.9178749574309317,1.3777259588241577,-0.03129519522190094,0.4778646570146984,0.5433393120765686,1.3674466609954834,0.8984442414090655,3.0713858604431152
PMWM (no event slots),168 h,precipitation_mm,1.318514349976886,0.941283643245697,-0.026133345440030098,0.15105852458366584,0.021444321359714302,0.48364601285369635,1.4559145168529988,0.6856955885887146,-0.26685670018196106,0.09652971379340547,0.672045886516571,1.610687494277954,0.8981269986295112,3.6453678607940674
PMWM (full),6 h,temperature_c,0.34776049561914096,0.25981324911117554,-0.010692980140447617,0.937326135196792,0.8963652487703222,0.9643101774746088,0.695785918495318,0.5039795637130737,-0.044821083545684814,0.9921544283799083,0.1846276819705963,0.25018826127052307,0.90886249428963,1.1035312414169312
PMWM (full),6 h,pressure_hpa,0.24260210112242064,0.17307056486606598,-0.02135700173676014,0.9720853391602126,0.9449472203433374,0.9306111619605109,1.1875525011202115,0.8025845885276794,-0.017963286489248276,0.9787033987940382,0.12320979684591293,-0.2016386091709137,0.8946246383432314,0.6911005973815918
PMWM (full),6 h,wind_speed_ms,0.6968187882542297,0.5311582684516907,-0.00481930049136281,0.7465456289186252,0.5538068920127766,0.46956744823400987,1.2213220110837644,0.8764138221740723,-0.005879000760614872,0.7884448379854574,0.3751213848590851,0.9684081673622131,0.8951449165017005,2.1313045024871826
PMWM (full),6 h,precipitation_mm,0.6382211850688672,0.40207165479660034,0.03152789548039436,0.8758576758457306,0.7665470011552742,0.4336024587375167,0.7775177497309614,0.3327167332172394,-0.029599739238619804,0.7219629985597027,0.28914588689804077,0.553344190120697,0.898545759098523,1.5307307243347168
PMWM (full),24 h,temperature_c,0.6340665283375975,0.47684624791145325,-0.11523675173521042,0.799392213654724,0.6949678765414367,0.3623476916823044,1.3523889120881165,0.9538146257400513,-0.19458019733428955,0.9750219209508689,0.3396966755390167,0.8710803389549255,0.8931018730013704,1.9252159595489502
PMWM (full),24 h,pressure_hpa,0.6576243722793377,0.49803850054740906,-0.03756287693977356,0.7696813825516574,0.5929915964519848,0.39771909637438096,4.167701948612772,2.740161180496216,-0.15668132901191711,0.740336229338519,0.35490134358406067,0.9300260543823242,0.8970737526013908,2.0363662242889404
PMWM (full),24 h,wind_speed_ms,0.8913617683833358,0.7004448175430298,0.027669599279761314,0.4329344316293473,0.18717365585083723,0.3653334982617761,1.7656568001103037,1.254302978515625,0.018406040966510773,0.5576511088621421,0.49346545338630676,1.2616738080978394,0.8979239632505964,2.8150010108947754
PMWM (full),24 h,precipitation_mm,1.1399380431153807,0.793586254119873,0.0604657419025898,0.5205055252707879,0.2687611943302185,0.4592924037791323,1.3271256670145781,0.6123118996620178,-0.16753973066806793,0.24958684091488337,0.5610199570655823,1.3465193510055542,0.8969849246231156,2.792232036590576
PMWM (full),72 h,temperature_c,0.92802427882054,0.7231324315071106,-0.2246977835893631,0.4976805258678973,0.34648782956194457,0.3795818606533662,1.9873326405051908,1.4515008926391602,-0.407155841588974,0.9460673443380043,0.5104410648345947,1.2933274507522583,0.8886731637987919,2.8673195838928223
PMWM (full),72 h,pressure_hpa,0.9875728194030338,0.7730445265769958,-0.11485670506954193,0.30032666648856693,0.08209976686210763,0.4289775762963517,6.386859409288236,4.3330864906311035,-0.48292702436447144,0.390109995404168,0.5468890070915222,1.3738954067230225,0.9003476980863916,3.1630520820617676
PMWM (full),72 h,wind_speed_ms,0.9738518287782145,0.7714530229568481,0.019380521029233932,0.17150761284433555,0.029657607503140393,0.4693391113613785,1.9097564840614933,1.3751766681671143,0.016559233888983727,0.4824358235658526,0.5420235395431519,1.3615056276321411,0.899357900614182,3.0797178745269775
PMWM (full),72 h,precipitation_mm,1.2995554328916732,0.949589729309082,0.054774053394794464,0.22887937067091538,0.04971589851484037,0.4728255558865707,1.4358033658245513,0.6889224052429199,-0.21820317208766937,0.12164162115823751,0.666664719581604,1.582640290260315,0.8998781787726511,3.473811626434326
PMWM (full),168 h,temperature_c,1.017732575569369,0.8028836846351624,-0.31380248069763184,0.3618064490228321,0.21391082384416948,0.39671360850393844,2.159402284574029,1.6029767990112305,-0.5734277963638306,0.9363203942316609,0.5659703612327576,1.405694603919983,0.8848662504441399,3.1674959659576416
PMWM (full),168 h,pressure_hpa,1.0238190733135792,0.8032113909721375,-0.0969805121421814,0.13386545418866136,0.013626404838791628,0.46883628857709136,6.786195419578269,4.551122188568115,-0.3810100555419922,0.31102302842364515,0.5683974623680115,1.4146138429641724,0.9012740470026902,3.313905715942383
PMWM (full),168 h,wind_speed_ms,0.9799877369853007,0.7767698168754578,0.011170375160872936,0.12918256988102805,0.01714544457809486,0.48169151737338445,1.9179946680124134,1.3818334341049194,0.008181074634194374,0.4777994733320897,0.54584139585495,1.370319128036499,0.8982792751636973,3.0909693241119385
PMWM (full),168 h,precipitation_mm,1.3196191716644947,0.9632331728935242,0.029816310852766037,0.14594611699290722,0.0198037135175283,0.4827803141314393,1.4500689621672804,0.6949393153190613,-0.23989826440811157,0.10377008761940687,0.6794019937515259,1.6176652908325195,0.8980635500736003,3.5940260887145996
